{
  "lr": {
    "recall": [
      0.8658536585365854,
      0.8765432098765432,
      0.8148148148148148,
      0.8641975308641975,
      0.8518518518518519
    ],
    "precision": [
      0.8875,
      0.7802197802197802,
      0.9041095890410958,
      0.8641975308641975,
      0.8625
    ],
    "f1": [
      0.8765432098765432,
      0.8255813953488372,
      0.8571428571428571,
      0.8641975308641975,
      0.8571428571428571
    ],
    "roc_auc": [
      0.9121951219512194,
      0.8411896745230077,
      0.9229330340441451,
      0.9380845491956603,
      0.9156695156695157
    ],
    "average_precision": [
      0.9144546623226071,
      0.8295712228950085,
      0.9151690966553089,
      0.9415717073104855,
      0.9026051329817857
    ]
  },
  "rf": {
    "recall": [
      0.8658536585365854,
      0.9135802469135802,
      0.8888888888888888,
      0.9135802469135802,
      0.9382716049382716
    ],
    "precision": [
      0.8765432098765432,
      0.7708333333333334,
      0.9113924050632911,
      0.8809523809523809,
      0.8735632183908046
    ],
    "f1": [
      0.8711656441717791,
      0.8361581920903954,
      0.9,
      0.896969696969697,
      0.9047619047619048
    ],
    "roc_auc": [
      0.9264540337711069,
      0.8834642723531613,
      0.944818555929667,
      0.947998503554059,
      0.9371320037986705
    ],
    "average_precision": [
      0.9382696687976152,
      0.8885098046181275,
      0.9330423628780136,
      0.9529784003923573,
      0.9402081870603696
    ]
  },
  "xgb": {
    "recall": [
      0.8292682926829268,
      0.9012345679012346,
      0.8641975308641975,
      0.9135802469135802,
      0.9259259259259259
    ],
    "precision": [
      0.8717948717948718,
      0.8111111111111111,
      0.8641975308641975,
      0.8809523809523809,
      0.8522727272727273
    ],
    "f1": [
      0.85,
      0.8538011695906432,
      0.8641975308641975,
      0.896969696969697,
      0.8875739644970414
    ],
    "roc_auc": [
      0.9223264540337711,
      0.8651328095772539,
      0.9163860830527497,
      0.9291058735503179,
      0.9263057929724596
    ],
    "average_precision": [
      0.9280989255349316,
      0.8708147869654447,
      0.9039726616633527,
      0.9181414080357151,
      0.9366384028556709
    ]
  }
}